[{"id":1,"text":"Cleaning room","state":"unclaimed","creator":"willow","isTaskClaimed":false,"claimingUser":null,"isTaskDone":false,"isTaskCleared":false},
{"id":2,"text":"Being bad at overwatch","state":"unfinished","creator":"willow","isTaskClaimed":true,"claimingUser":"willow","isTaskDone":false,"isTaskCleared":false},
{"id":3,"text":"Loving the pets","state":"unfinished","creator":"willow","isTaskClaimed":true,"claimingUser":"aryan","isTaskDone":false,"isTaskCleared":false},
{"id":4,"text":"walking the dogs and cat","state":"unfinished","creator":"willow","isTaskClaimed":true,"claimingUser":"willow","isTaskDone":false,"isTaskCleared":false},
{"id":5,"text":"Going Dangerfield shopping","state":"finished","creator":"willow","isTaskClaimed":true,"claimingUser":"aryan","isTaskDone":true,"isTaskCleared":false}]